Timestamp,Va,Vb,Vc,Ia,Ib,Ic,Fault,Latitude,Longitude,Confidence
21/01/2026 00:21:17,93.0,93.0,92.0,22.0,21.0,19.0,LLL,11.17452,69.26853,100.0
21/01/2026 00:32:29,91.0,230.0,54.0,19.0,5.0,26.0,LG,17.1754,82.34081,100.0
21/01/2026 00:32:57,91.0,230.0,231.0,19.0,5.0,6.0,LG,20.30465,88.72016,100.0
21/01/2026 00:33:21,230.0,230.0,231.0,19.0,15.0,26.0,LLL,21.72325,95.0388,100.0
21/01/2026 00:33:29,230.0,230.0,231.0,19.0,23.0,26.0,LLL,36.85744,85.58645,100.0
21/01/2026 00:33:43,230.0,230.0,231.0,4.0,4.0,5.0,No_Fault,15.58936,95.09385,100.0
21/01/2026 00:52:33,93.0,93.0,92.0,22.0,21.0,19.0,LLL,24.43413,89.61642,99
21/01/2026 00:59:53,93.0,93.0,92.0,22.0,21.0,19.0,LLL,12.919526,77.49103,99
21/01/2026 07:19:57,230.0,219.0,90.0,5.0,4.0,20.0,No_Fault,12.920717,77.490712,99
21/01/2026 07:20:01,230.0,219.0,90.0,5.0,4.0,20.0,No_Fault,12.921765,77.490813,99
21/01/2026 07:20:24,90.0,219.0,230.0,20.0,4.0,5.0,LG,12.924677,77.494257,99
21/01/2026 08:46:49,92.0,90.0,89.0,22.0,23.0,24.0,LLL,12.924577,77.494134,99
21/01/2026 09:26:38,230.0,228.0,232.0,12.5,11.8,13.2,LL,12.920911,77.490445,99
21/01/2026 09:27:38,230.0,228.0,232.0,12.5,11.8,13.2,LL,12.918099,77.494154,99
21/01/2026 09:28:38,230.0,228.0,232.0,12.5,11.8,13.2,LL,12.919164,77.48869,99
21/01/2026 09:30:05,230.0,228.0,232.0,12.5,11.8,13.2,LL,12.919041,77.497759,99
21/01/2026 09:30:06,230.0,228.0,232.0,12.5,11.8,13.2,LL,12.916162,77.496849,99
21/01/2026 09:30:16,230.0,228.0,232.0,12.5,11.8,13.2,LL,12.91701,77.496699,99
21/01/2026 09:30:19,230.0,228.0,232.0,12.5,11.8,13.2,LL,12.920204,77.488755,99
21/01/2026 09:30:22,230.0,228.0,232.0,12.5,11.8,13.2,LL,12.91964,77.492593,99
21/01/2026 09:30:25,230.0,228.0,232.0,12.5,11.8,13.2,LL,12.916481,77.493958,99
21/01/2026 09:30:28,230.0,228.0,232.0,12.5,11.8,13.2,LL,12.916791,77.488207,99
21/01/2026 09:30:31,230.0,228.0,232.0,12.5,11.8,13.2,LL,12.921491,77.496252,99
21/01/2026 09:30:34,230.0,228.0,232.0,12.5,11.8,13.2,LL,12.918846,77.489709,99
21/01/2026 09:30:37,230.0,228.0,232.0,12.5,11.8,13.2,LL,12.924899,77.491946,99
21/01/2026 09:30:40,230.0,228.0,232.0,12.5,11.8,13.2,LL,12.918914,77.490725,99
21/01/2026 09:30:43,230.0,228.0,232.0,12.5,11.8,13.2,LL,12.91938,77.488241,99
21/01/2026 09:30:46,230.0,228.0,232.0,12.5,11.8,13.2,LL,12.92022,77.497887,99
21/01/2026 09:30:49,230.0,228.0,232.0,12.5,11.8,13.2,LL,12.916879,77.493711,99
21/01/2026 09:30:52,230.0,228.0,232.0,12.5,11.8,13.2,LL,12.922339,77.492295,99
21/01/2026 09:30:55,230.0,228.0,232.0,12.5,11.8,13.2,LL,12.923595,77.496719,99
21/01/2026 09:30:58,230.0,228.0,232.0,12.5,11.8,13.2,LL,12.91763,77.493755,99
21/01/2026 09:31:01,230.0,228.0,232.0,12.5,11.8,13.2,LL,12.925493,77.490065,99
21/01/2026 09:31:04,230.0,228.0,232.0,12.5,11.8,13.2,LL,12.919641,77.492829,99
21/01/2026 09:31:07,230.0,228.0,232.0,12.5,11.8,13.2,LL,12.916848,77.490629,99
21/01/2026 09:31:10,230.0,228.0,232.0,12.5,11.8,13.2,LL,12.919189,77.493931,99
21/01/2026 09:31:13,230.0,228.0,232.0,12.5,11.8,13.2,LL,12.922634,77.491358,99
21/01/2026 09:31:38,230.0,228.0,232.0,12.5,11.8,13.2,LL,12.919154,77.497242,99
21/01/2026 09:32:16,230.0,228.0,232.0,12.5,11.8,13.2,LL,12.918086,77.496896,99
21/01/2026 09:32:24,230.0,228.0,232.0,12.5,11.8,13.2,LL,12.92251,77.494502,99
21/01/2026 09:32:27,230.0,228.0,232.0,12.5,11.8,13.2,LL,12.919172,77.489161,99
21/01/2026 09:32:30,230.0,228.0,232.0,12.5,11.8,13.2,LL,12.919211,77.494093,99
21/01/2026 09:32:33,230.0,228.0,232.0,12.5,11.8,13.2,LL,12.923952,77.488366,99
21/01/2026 09:32:36,230.0,228.0,232.0,12.5,11.8,13.2,LL,12.919389,77.488246,99
21/01/2026 09:32:39,230.0,228.0,232.0,12.5,11.8,13.2,LL,12.919456,77.497099,99
21/01/2026 09:32:42,230.0,228.0,232.0,12.5,11.8,13.2,LL,12.917138,77.489334,99
21/01/2026 09:32:45,230.0,228.0,232.0,12.5,11.8,13.2,LL,12.924473,77.492553,99
21/01/2026 09:32:48,230.0,228.0,232.0,12.5,11.8,13.2,LL,12.921267,77.49789,99
21/01/2026 09:32:51,230.0,228.0,232.0,12.5,11.8,13.2,LL,12.918243,77.489296,99
21/01/2026 09:32:54,230.0,228.0,232.0,12.5,11.8,13.2,LL,12.922259,77.494149,99
21/01/2026 09:32:57,230.0,228.0,232.0,12.5,11.8,13.2,LL,12.919185,77.488547,99
21/01/2026 09:33:00,230.0,228.0,232.0,12.5,11.8,13.2,LL,12.924546,77.488696,99
21/01/2026 09:33:03,230.0,228.0,232.0,12.5,11.8,13.2,LL,12.921946,77.497299,99
21/01/2026 09:33:06,230.0,228.0,232.0,12.5,11.8,13.2,LL,12.925829,77.495977,99
21/01/2026 09:33:09,230.0,228.0,232.0,12.5,11.8,13.2,LL,12.92005,77.493366,99
21/01/2026 09:33:12,230.0,228.0,232.0,12.5,11.8,13.2,LL,12.924062,77.495813,99
21/01/2026 09:33:15,230.0,228.0,232.0,12.5,11.8,13.2,LL,12.923101,77.492392,99
21/01/2026 09:33:18,230.0,228.0,232.0,12.5,11.8,13.2,LL,12.921428,77.498035,99
21/01/2026 09:33:21,230.0,228.0,232.0,12.5,11.8,13.2,LL,12.920052,77.49761,99
21/01/2026 09:33:24,230.0,228.0,232.0,12.5,11.8,13.2,LL,12.921526,77.495694,99
21/01/2026 09:33:27,230.0,228.0,232.0,12.5,11.8,13.2,LL,12.917469,77.491608,99
21/01/2026 09:33:30,230.0,228.0,232.0,12.5,11.8,13.2,LL,12.918088,77.49248,99
21/01/2026 09:33:33,230.0,228.0,232.0,12.5,11.8,13.2,LL,12.918388,77.491758,99
21/01/2026 09:33:36,230.0,228.0,232.0,12.5,11.8,13.2,LL,12.919426,77.49276,99
21/01/2026 09:33:39,230.0,228.0,232.0,12.5,11.8,13.2,LL,12.917715,77.497634,99
21/01/2026 09:33:42,230.0,228.0,232.0,12.5,11.8,13.2,LL,12.919572,77.492403,99
21/01/2026 09:33:45,230.0,228.0,232.0,12.5,11.8,13.2,LL,12.925625,77.493227,99
21/01/2026 09:33:48,230.0,228.0,232.0,12.5,11.8,13.2,LL,12.925045,77.492061,99
21/01/2026 09:33:51,230.0,228.0,232.0,12.5,11.8,13.2,LL,12.925087,77.495219,99
21/01/2026 09:33:54,230.0,228.0,232.0,12.5,11.8,13.2,LL,12.924497,77.490087,99
21/01/2026 09:33:57,230.0,228.0,232.0,12.5,11.8,13.2,LL,12.921889,77.490145,99
21/01/2026 09:34:00,230.0,228.0,232.0,12.5,11.8,13.2,LL,12.923553,77.490789,99
21/01/2026 09:34:03,230.0,228.0,232.0,12.5,11.8,13.2,LL,12.917295,77.495602,99
21/01/2026 09:34:06,230.0,228.0,232.0,12.5,11.8,13.2,LL,12.919896,77.497233,99
21/01/2026 09:34:09,230.0,228.0,232.0,12.5,11.8,13.2,LL,12.922041,77.490825,99
21/01/2026 09:34:12,230.0,228.0,232.0,12.5,11.8,13.2,LL,12.920827,77.496256,99
21/01/2026 09:34:15,230.0,228.0,232.0,12.5,11.8,13.2,LL,12.920256,77.490102,99
21/01/2026 09:34:18,230.0,228.0,232.0,12.5,11.8,13.2,LL,12.924851,77.489806,99
21/01/2026 09:34:21,230.0,228.0,232.0,12.5,11.8,13.2,LL,12.92058,77.492847,99
21/01/2026 09:34:24,230.0,228.0,232.0,12.5,11.8,13.2,LL,12.918292,77.49428,99
21/01/2026 09:34:27,230.0,228.0,232.0,12.5,11.8,13.2,LL,12.924367,77.497914,99
21/01/2026 09:34:30,230.0,228.0,232.0,12.5,11.8,13.2,LL,12.919472,77.492572,99
21/01/2026 09:34:38,230.0,228.0,232.0,12.5,11.8,13.2,LL,12.920454,77.497201,99
21/01/2026 09:34:50,230.0,228.0,232.0,12.5,11.8,13.2,LL,12.923801,77.493877,99
21/01/2026 09:34:51,230.0,228.0,232.0,12.5,11.8,13.2,LL,12.91726,77.497239,99
21/01/2026 09:34:54,230.0,228.0,232.0,12.5,11.8,13.2,LL,12.925854,77.491147,99
21/01/2026 09:34:57,230.0,228.0,232.0,12.5,11.8,13.2,LL,12.916629,77.490105,99
21/01/2026 09:35:00,230.0,228.0,232.0,12.5,11.8,13.2,LL,12.921009,77.497952,99
21/01/2026 09:35:03,230.0,228.0,232.0,12.5,11.8,13.2,LL,12.924054,77.488413,99
21/01/2026 09:35:06,230.0,228.0,232.0,12.5,11.8,13.2,LL,12.921674,77.491685,99
21/01/2026 09:35:09,230.0,228.0,232.0,12.5,11.8,13.2,LL,12.919793,77.490085,99
21/01/2026 09:35:12,230.0,228.0,232.0,12.5,11.8,13.2,LL,12.917393,77.495874,99
21/01/2026 09:35:15,230.0,228.0,232.0,12.5,11.8,13.2,LL,12.921394,77.488337,99
21/01/2026 09:35:18,230.0,228.0,232.0,12.5,11.8,13.2,LL,12.919535,77.491775,99
21/01/2026 09:35:21,230.0,228.0,232.0,12.5,11.8,13.2,LL,12.921827,77.493625,99
21/01/2026 09:35:24,230.0,228.0,232.0,12.5,11.8,13.2,LL,12.920557,77.496675,99
21/01/2026 09:35:27,230.0,228.0,232.0,12.5,11.8,13.2,LL,12.919985,77.489381,99
21/01/2026 09:35:30,230.0,228.0,232.0,12.5,11.8,13.2,LL,12.917914,77.492014,99
21/01/2026 09:35:33,230.0,228.0,232.0,12.5,11.8,13.2,LL,12.917817,77.491531,99
21/01/2026 09:35:36,230.0,228.0,232.0,12.5,11.8,13.2,LL,12.922366,77.489047,99
21/01/2026 09:35:39,230.0,228.0,232.0,12.5,11.8,13.2,LL,12.916082,77.493637,99
21/01/2026 09:35:42,230.0,228.0,232.0,12.5,11.8,13.2,LL,12.922861,77.49175,99
21/01/2026 09:35:45,230.0,228.0,232.0,12.5,11.8,13.2,LL,12.925348,77.496495,99
21/01/2026 09:35:48,230.0,228.0,232.0,12.5,11.8,13.2,LL,12.923068,77.496958,99
21/01/2026 09:35:51,230.0,228.0,232.0,12.5,11.8,13.2,LL,12.923382,77.496985,99
21/01/2026 09:35:54,230.0,228.0,232.0,12.5,11.8,13.2,LL,12.922501,77.495832,99
21/01/2026 09:35:57,230.0,228.0,232.0,12.5,11.8,13.2,LL,12.917922,77.496115,99
21/01/2026 09:36:00,230.0,228.0,232.0,12.5,11.8,13.2,LL,12.923808,77.497942,99
21/01/2026 09:36:03,230.0,228.0,232.0,12.5,11.8,13.2,LL,12.920604,77.489284,99
21/01/2026 09:36:06,230.0,228.0,232.0,12.5,11.8,13.2,LL,12.924331,77.488289,99
21/01/2026 09:36:09,230.0,228.0,232.0,12.5,11.8,13.2,LL,12.925988,77.492071,99
21/01/2026 09:36:12,230.0,228.0,232.0,12.5,11.8,13.2,LL,12.921575,77.494643,99
21/01/2026 09:36:15,230.0,228.0,232.0,12.5,11.8,13.2,LL,12.923253,77.488952,99
21/01/2026 09:36:18,230.0,228.0,232.0,12.5,11.8,13.2,LL,12.923124,77.491241,99
21/01/2026 09:36:21,230.0,228.0,232.0,12.5,11.8,13.2,LL,12.919083,77.497849,99
21/01/2026 09:36:24,230.0,228.0,232.0,12.5,11.8,13.2,LL,12.916323,77.490602,99
21/01/2026 09:36:27,230.0,228.0,232.0,12.5,11.8,13.2,LL,12.917849,77.489061,99
21/01/2026 09:36:30,230.0,228.0,232.0,12.5,11.8,13.2,LL,12.920311,77.488122,99
21/01/2026 09:36:38,230.0,228.0,232.0,12.5,11.8,13.2,LL,12.917264,77.490571,99
21/01/2026 09:37:32,230.0,228.0,232.0,12.5,11.8,13.2,LL,12.917525,77.49337,99
21/01/2026 09:37:33,230.0,228.0,232.0,12.5,11.8,13.2,LL,12.923226,77.495427,99
21/01/2026 09:37:36,230.0,228.0,232.0,12.5,11.8,13.2,LL,12.92467,77.493108,99
21/01/2026 09:37:39,230.0,228.0,232.0,12.5,11.8,13.2,LL,12.921873,77.496829,99
21/01/2026 09:37:42,230.0,228.0,232.0,12.5,11.8,13.2,LL,12.925807,77.494936,99
21/01/2026 09:37:45,230.0,228.0,232.0,12.5,11.8,13.2,LL,12.923202,77.490702,99
21/01/2026 09:37:48,230.0,228.0,232.0,12.5,11.8,13.2,LL,12.92272,77.490352,99
21/01/2026 09:37:51,230.0,228.0,232.0,12.5,11.8,13.2,LL,12.917525,77.493982,99
21/01/2026 09:37:54,230.0,228.0,232.0,12.5,11.8,13.2,LL,12.921759,77.495814,99
21/01/2026 09:37:57,230.0,228.0,232.0,12.5,11.8,13.2,LL,12.920021,77.493807,99
21/01/2026 09:38:00,230.0,228.0,232.0,12.5,11.8,13.2,LL,12.925726,77.497216,99
21/01/2026 09:38:03,230.0,228.0,232.0,12.5,11.8,13.2,LL,12.92384,77.492416,99
21/01/2026 09:38:06,230.0,228.0,232.0,12.5,11.8,13.2,LL,12.92375,77.490202,99
21/01/2026 09:38:09,230.0,228.0,232.0,12.5,11.8,13.2,LL,12.92469,77.489939,99
21/01/2026 09:38:12,230.0,228.0,232.0,12.5,11.8,13.2,LL,12.92574,77.494391,99
21/01/2026 09:38:15,230.0,228.0,232.0,12.5,11.8,13.2,LL,12.918631,77.490566,99
21/01/2026 09:38:18,230.0,228.0,232.0,12.5,11.8,13.2,LL,12.924019,77.494387,99
21/01/2026 09:38:21,230.0,228.0,232.0,12.5,11.8,13.2,LL,12.918269,77.495821,99
21/01/2026 09:38:24,230.0,228.0,232.0,12.5,11.8,13.2,LL,12.922167,77.488481,99
21/01/2026 09:38:27,230.0,228.0,232.0,12.5,11.8,13.2,LL,12.925781,77.494981,99
21/01/2026 09:38:30,230.0,228.0,232.0,12.5,11.8,13.2,LL,12.924313,77.49703,99
21/01/2026 09:38:33,230.0,228.0,232.0,12.5,11.8,13.2,LL,12.919719,77.497101,99
21/01/2026 09:38:36,230.0,228.0,232.0,12.5,11.8,13.2,LL,12.918462,77.488479,99
21/01/2026 09:38:39,230.0,228.0,232.0,12.5,11.8,13.2,LL,12.922865,77.496894,99
21/01/2026 09:38:42,230.0,228.0,232.0,12.5,11.8,13.2,LL,12.922001,77.495972,99
21/01/2026 09:38:45,230.0,228.0,232.0,12.5,11.8,13.2,LL,12.920947,77.49695,99
21/01/2026 09:38:48,230.0,228.0,232.0,12.5,11.8,13.2,LL,12.918841,77.497532,99
21/01/2026 09:38:51,230.0,228.0,232.0,12.5,11.8,13.2,LL,12.917129,77.491021,99
21/01/2026 09:38:54,230.0,228.0,232.0,12.5,11.8,13.2,LL,12.924669,77.493863,99
21/01/2026 09:38:57,230.0,228.0,232.0,12.5,11.8,13.2,LL,12.918257,77.489124,99
21/01/2026 09:39:00,230.0,228.0,232.0,12.5,11.8,13.2,LL,12.916412,77.494209,99
21/01/2026 09:39:03,230.0,228.0,232.0,12.5,11.8,13.2,LL,12.924726,77.495515,99
21/01/2026 09:39:06,230.0,228.0,232.0,12.5,11.8,13.2,LL,12.919464,77.495338,99
21/01/2026 09:39:09,230.0,228.0,232.0,12.5,11.8,13.2,LL,12.918573,77.492583,99
21/01/2026 09:39:12,230.0,228.0,232.0,12.5,11.8,13.2,LL,12.9189,77.490537,99
21/01/2026 09:39:15,230.0,228.0,232.0,12.5,11.8,13.2,LL,12.923075,77.490632,99
21/01/2026 09:39:18,230.0,228.0,232.0,12.5,11.8,13.2,LL,12.922924,77.49218,99
21/01/2026 09:39:21,230.0,228.0,232.0,12.5,11.8,13.2,LL,12.916261,77.49079,99
21/01/2026 09:39:24,230.0,228.0,232.0,12.5,11.8,13.2,LL,12.91757,77.490645,99
21/01/2026 09:39:27,230.0,228.0,232.0,12.5,11.8,13.2,LL,12.918124,77.492946,99
21/01/2026 09:39:30,230.0,228.0,232.0,12.5,11.8,13.2,LL,12.923833,77.494221,99
21/01/2026 09:39:33,230.0,228.0,232.0,12.5,11.8,13.2,LL,12.916654,77.496117,99
21/01/2026 09:39:36,230.0,228.0,232.0,12.5,11.8,13.2,LL,12.922775,77.491387,99
21/01/2026 09:39:39,230.0,228.0,232.0,12.5,11.8,13.2,LL,12.923648,77.489185,99
21/01/2026 09:39:42,230.0,228.0,232.0,12.5,11.8,13.2,LL,12.918528,77.49451,99
21/01/2026 09:39:45,230.0,228.0,232.0,12.5,11.8,13.2,LL,12.921698,77.494633,99
21/01/2026 09:39:48,230.0,228.0,232.0,12.5,11.8,13.2,LL,12.923455,77.490689,99
21/01/2026 09:39:51,230.0,228.0,232.0,12.5,11.8,13.2,LL,12.921892,77.493336,99
21/01/2026 09:39:54,230.0,228.0,232.0,12.5,11.8,13.2,LL,12.919016,77.49446,99
21/01/2026 09:39:57,230.0,228.0,232.0,12.5,11.8,13.2,LL,12.925832,77.494123,99
21/01/2026 09:40:00,230.0,228.0,232.0,12.5,11.8,13.2,LL,12.916955,77.496522,99
21/01/2026 09:40:03,230.0,228.0,232.0,12.5,11.8,13.2,LL,12.922502,77.49149,99
21/01/2026 09:40:06,230.0,228.0,232.0,12.5,11.8,13.2,LL,12.922164,77.490363,99
21/01/2026 09:40:09,230.0,228.0,232.0,12.5,11.8,13.2,LL,12.920727,77.497749,99
21/01/2026 09:40:12,230.0,228.0,232.0,12.5,11.8,13.2,LL,12.917109,77.48977,99
21/01/2026 09:40:15,230.0,228.0,232.0,12.5,11.8,13.2,LL,12.921811,77.489425,99
21/01/2026 09:40:18,230.0,228.0,232.0,12.5,11.8,13.2,LL,12.917853,77.493265,99
21/01/2026 09:40:21,230.0,228.0,232.0,12.5,11.8,13.2,LL,12.923206,77.490505,99
21/01/2026 09:40:24,230.0,228.0,232.0,12.5,11.8,13.2,LL,12.922866,77.496439,99
21/01/2026 09:40:27,230.0,228.0,232.0,12.5,11.8,13.2,LL,12.91731,77.488522,99
21/01/2026 09:40:30,230.0,228.0,232.0,12.5,11.8,13.2,LL,12.921661,77.492668,99
21/01/2026 09:40:33,230.0,228.0,232.0,12.5,11.8,13.2,LL,12.923553,77.494304,99
21/01/2026 09:40:36,230.0,228.0,232.0,12.5,11.8,13.2,LL,12.92362,77.49046,99
21/01/2026 09:40:39,2.47,2.52,2.47,0.11,1.38,0.39,No_Fault,12.923851,77.491656,99
21/01/2026 09:40:42,2.47,2.5,2.47,0.1,1.37,0.4,No_Fault,12.923703,77.497493,99
21/01/2026 09:41:07,2.47,2.52,2.46,0.1,1.4,0.38,No_Fault,12.918394,77.497825,99
21/01/2026 09:41:09,2.47,2.52,2.46,0.1,1.4,0.38,No_Fault,12.919684,77.497955,99
21/01/2026 09:41:12,2.47,2.52,2.47,0.1,1.4,0.38,No_Fault,12.924244,77.488615,99
21/01/2026 09:41:15,2.47,2.51,2.47,0.1,1.39,0.37,No_Fault,12.92592,77.491889,99
21/01/2026 09:41:20,2.47,2.52,2.46,0.1,1.39,0.39,No_Fault,12.92196,77.492941,99
21/01/2026 09:41:23,2.47,2.52,2.46,0.1,1.39,0.39,No_Fault,12.922191,77.492551,99
21/01/2026 09:41:26,2.47,2.52,2.47,0.1,1.39,0.39,No_Fault,12.917118,77.492641,99
21/01/2026 09:41:29,2.47,2.52,2.47,0.1,1.39,0.39,No_Fault,12.918061,77.496883,99
21/01/2026 09:41:32,2.47,2.53,2.46,0.09,1.39,0.38,No_Fault,12.918707,77.493874,99
21/01/2026 09:41:35,2.47,2.52,2.46,0.09,1.4,0.39,No_Fault,12.919423,77.493483,99
21/01/2026 09:41:38,2.47,2.52,2.47,0.11,1.4,0.38,No_Fault,12.92354,77.494017,99
21/01/2026 09:41:41,2.47,2.51,2.46,0.1,1.39,0.39,No_Fault,12.921422,77.48946,99
21/01/2026 09:41:44,2.47,2.52,2.46,0.1,1.41,0.41,No_Fault,12.921194,77.492046,99
21/01/2026 09:41:47,2.47,2.57,2.41,0.1,2.31,0.23,No_Fault,12.916556,77.488771,99
21/01/2026 09:41:50,2.47,2.56,2.44,0.1,2.74,0.0,No_Fault,12.922581,77.498094,99
21/01/2026 09:41:53,2.47,2.54,2.44,0.09,2.75,0.0,No_Fault,12.917394,77.489942,99
21/01/2026 09:41:56,2.47,2.55,2.44,0.09,2.66,0.0,No_Fault,12.921159,77.49431,99
21/01/2026 09:42:02,2.47,2.56,2.44,0.1,2.59,0.0,No_Fault,12.92536,77.491087,99
21/01/2026 09:42:05,2.47,2.55,2.44,0.1,2.6,0.0,No_Fault,12.920941,77.495279,99
21/01/2026 09:42:08,2.47,2.55,2.44,0.09,2.61,0.0,No_Fault,12.917055,77.488672,99
21/01/2026 09:42:11,2.47,2.55,2.44,0.1,2.61,0.0,No_Fault,12.925867,77.491553,99
21/01/2026 09:42:14,2.47,2.55,2.43,0.09,2.9,0.0,No_Fault,12.923286,77.493421,99
21/01/2026 09:42:17,2.47,2.54,2.39,0.09,2.78,0.0,No_Fault,12.920944,77.49236,99
21/01/2026 09:42:20,2.47,2.58,2.42,0.1,1.66,0.0,No_Fault,12.924291,77.496956,99
21/01/2026 09:42:23,2.47,2.59,2.44,0.1,2.07,0.0,No_Fault,12.918227,77.48822,99
21/01/2026 09:42:26,2.47,2.57,2.44,0.1,1.06,0.0,No_Fault,12.920084,77.490811,99
21/01/2026 09:42:29,2.47,2.5,2.46,0.05,1.17,13.09,No_Fault,12.924615,77.494608,99
21/01/2026 09:42:32,2.47,2.53,2.46,0.06,2.08,12.95,No_Fault,12.922666,77.491309,99
21/01/2026 09:42:35,2.47,2.53,2.46,0.06,2.08,12.95,No_Fault,12.921388,77.493422,99
21/01/2026 09:42:38,2.47,2.6,2.46,0.05,2.83,12.99,No_Fault,12.91784,77.491966,99
21/01/2026 09:42:41,2.47,2.61,2.46,0.09,3.39,0.2,No_Fault,12.925716,77.488461,99
21/01/2026 09:42:44,2.47,2.62,2.43,0.1,3.32,0.2,No_Fault,12.92298,77.4929,99
21/01/2026 09:42:47,2.47,2.6,2.39,0.1,3.24,0.2,No_Fault,12.922295,77.488766,99
21/01/2026 09:42:50,2.47,2.61,2.42,0.1,3.58,0.21,No_Fault,12.916303,77.489723,99
21/01/2026 09:42:53,2.47,2.61,2.34,0.1,3.4,0.21,No_Fault,12.917912,77.49113,99
21/01/2026 09:42:56,2.47,2.57,2.34,0.09,3.33,0.21,No_Fault,12.921065,77.491017,99
21/01/2026 09:42:59,2.47,2.61,2.36,0.09,3.53,0.21,No_Fault,12.922401,77.492157,99
21/01/2026 09:43:02,2.47,2.61,2.34,0.1,3.38,0.22,No_Fault,12.920262,77.496457,99
21/01/2026 09:43:05,2.47,2.6,2.37,0.1,3.55,0.21,No_Fault,12.924885,77.492754,99
21/01/2026 09:43:08,2.47,2.62,2.4,0.1,3.86,0.24,No_Fault,12.916497,77.490165,99
21/01/2026 09:43:11,2.47,2.6,2.43,0.1,2.68,0.18,No_Fault,12.92303,77.491327,99
21/01/2026 09:43:14,2.47,2.6,2.43,0.1,2.68,0.18,No_Fault,12.925145,77.491275,99
21/01/2026 09:43:38,2.47,2.61,2.45,0.1,4.05,0.17,No_Fault,12.920508,77.495029,99
21/01/2026 09:44:38,2.47,2.59,2.45,0.09,2.99,0.18,No_Fault,12.916804,77.492072,99
21/01/2026 09:45:38,2.47,2.57,2.45,0.1,2.93,0.17,No_Fault,12.920009,77.491062,99
21/01/2026 09:46:38,2.47,2.58,2.46,0.1,3.08,0.17,No_Fault,12.923159,77.494869,99
21/01/2026 09:47:38,2.47,2.58,2.46,0.1,3.06,0.18,No_Fault,12.917739,77.493043,99
21/01/2026 09:48:38,2.47,2.59,2.46,0.1,3.26,0.18,No_Fault,12.916778,77.494546,99
21/01/2026 09:49:38,2.44,2.58,2.46,0.1,2.19,0.18,No_Fault,12.916264,77.492712,99
21/01/2026 09:50:38,2.62,2.57,2.45,0.09,3.15,0.17,No_Fault,12.925946,77.493699,99
21/01/2026 09:51:38,2.8,2.61,2.45,0.08,2.67,0.17,No_Fault,12.924216,77.489532,99
21/01/2026 09:52:38,4.97,2.59,2.45,0.09,2.49,0.17,No_Fault,12.917872,77.491921,99
21/01/2026 09:53:38,2.47,2.58,2.44,0.11,2.59,0.18,No_Fault,12.923015,77.497458,99
21/01/2026 09:54:38,2.47,2.63,2.44,0.1,2.96,0.18,No_Fault,12.919056,77.489908,99
21/01/2026 09:55:38,2.47,2.61,2.44,0.11,2.83,0.18,No_Fault,12.918787,77.492659,99
21/01/2026 09:56:38,2.47,2.61,2.44,0.11,2.89,0.18,No_Fault,12.924356,77.491612,99
21/01/2026 09:57:38,2.47,2.61,2.44,0.11,2.89,0.18,No_Fault,12.919287,77.491078,99
21/01/2026 09:58:07,2.47,2.61,2.44,0.11,2.89,0.18,No_Fault,12.918042,77.493416,99
21/01/2026 09:58:08,2.47,2.61,2.44,0.11,2.89,0.18,No_Fault,12.918376,77.496726,99
21/01/2026 09:58:11,2.47,2.61,2.44,0.11,2.89,0.18,No_Fault,12.920693,77.489639,99
21/01/2026 09:58:14,2.47,2.61,2.44,0.11,2.89,0.18,No_Fault,12.917186,77.497304,99
21/01/2026 09:58:17,2.47,2.61,2.44,0.11,2.89,0.18,No_Fault,12.923238,77.496914,99
21/01/2026 09:58:20,2.47,2.61,2.44,0.11,2.89,0.18,No_Fault,12.920192,77.490474,99
21/01/2026 09:58:23,2.47,2.61,2.44,0.11,2.89,0.18,No_Fault,12.922974,77.488525,99
21/01/2026 09:58:26,2.47,2.61,2.44,0.11,2.89,0.18,No_Fault,12.9211,77.488696,99
21/01/2026 09:58:29,2.47,2.61,2.44,0.11,2.89,0.18,No_Fault,12.9217,77.49129,99
21/01/2026 09:58:32,2.47,2.61,2.44,0.11,2.89,0.18,No_Fault,12.921874,77.497435,99
21/01/2026 09:58:35,2.47,2.61,2.44,0.11,2.89,0.18,No_Fault,12.916879,77.493086,99
21/01/2026 09:58:38,2.47,2.61,2.44,0.11,2.89,0.18,No_Fault,12.925576,77.49564,99
21/01/2026 09:58:41,2.47,2.61,2.44,0.11,2.89,0.18,No_Fault,12.916039,77.489751,99
21/01/2026 09:58:44,2.47,2.61,2.44,0.11,2.89,0.18,No_Fault,12.925751,77.497776,99
21/01/2026 09:58:47,2.47,2.61,2.44,0.11,2.89,0.18,No_Fault,12.923525,77.491177,99
21/01/2026 09:58:50,2.47,2.61,2.44,0.11,2.89,0.18,No_Fault,12.918162,77.494389,99
21/01/2026 09:58:53,2.47,2.61,2.44,0.11,2.89,0.18,No_Fault,12.924512,77.488317,99
21/01/2026 09:58:56,2.47,2.61,2.44,0.11,2.89,0.18,No_Fault,12.917973,77.495328,99
21/01/2026 09:58:59,2.47,2.61,2.44,0.11,2.89,0.18,No_Fault,12.922546,77.490536,99
21/01/2026 09:59:02,2.47,2.61,2.44,0.11,2.89,0.18,No_Fault,12.918051,77.491053,99
21/01/2026 09:59:05,2.47,2.61,2.44,0.11,2.89,0.18,No_Fault,12.9195,77.491374,99
21/01/2026 09:59:08,2.47,2.61,2.44,0.11,2.89,0.18,No_Fault,12.916232,77.495142,99
21/01/2026 09:59:11,2.47,2.61,2.44,0.11,2.89,0.18,No_Fault,12.918124,77.488427,99
21/01/2026 09:59:14,2.47,2.61,2.44,0.11,2.89,0.18,No_Fault,12.917334,77.488425,99
21/01/2026 09:59:17,2.47,2.61,2.44,0.11,2.89,0.18,No_Fault,12.925282,77.489618,99
21/01/2026 09:59:20,2.47,2.61,2.44,0.11,2.89,0.18,No_Fault,12.925052,77.495321,99
21/01/2026 09:59:23,2.47,2.61,2.44,0.11,2.89,0.18,No_Fault,12.92556,77.491344,99
21/01/2026 09:59:26,2.47,2.61,2.44,0.11,2.89,0.18,No_Fault,12.918087,77.497584,99
21/01/2026 09:59:29,2.47,2.61,2.44,0.11,2.89,0.18,No_Fault,12.924817,77.496293,99
21/01/2026 09:59:32,2.47,2.61,2.44,0.11,2.89,0.18,No_Fault,12.916501,77.49273,99
21/01/2026 09:59:35,2.47,2.61,2.44,0.11,2.89,0.18,No_Fault,12.91834,77.497513,99
21/01/2026 09:59:38,2.47,2.61,2.44,0.11,2.89,0.18,No_Fault,12.922409,77.492486,99
21/01/2026 10:00:38,2.47,2.61,2.44,0.11,2.89,0.18,No_Fault,12.920001,77.488854,99
21/01/2026 10:01:38,2.47,2.61,2.44,0.11,2.89,0.18,No_Fault,12.919966,77.493049,99
21/01/2026 10:02:38,2.47,2.61,2.44,0.11,2.89,0.18,No_Fault,12.918544,77.493913,99
21/01/2026 10:03:38,2.47,2.61,2.44,0.11,2.89,0.18,No_Fault,12.924607,77.488457,99
21/01/2026 10:04:38,2.47,2.61,2.44,0.11,2.89,0.18,No_Fault,12.922315,77.493947,99
21/01/2026 10:05:38,2.47,2.61,2.44,0.11,2.89,0.18,No_Fault,12.923701,77.49166,99
21/01/2026 10:29:13,2.46,2.55,2.46,0.18,2.4,0.24,No_Fault,12.920363,77.488611,99
21/01/2026 10:29:23,2.46,2.54,2.46,0.17,2.4,0.24,No_Fault,12.921174,77.494862,99
21/01/2026 10:29:33,2.46,2.55,2.46,0.18,2.41,0.25,No_Fault,12.923738,77.491534,99
21/01/2026 10:29:43,2.46,2.55,2.46,0.18,2.41,0.25,No_Fault,12.919215,77.497005,99
21/01/2026 10:29:53,2.47,2.54,2.46,0.17,2.46,0.24,No_Fault,12.917521,77.496112,99
21/01/2026 10:30:03,2.46,2.56,2.46,0.17,2.5,0.25,No_Fault,12.92374,77.490727,99
21/01/2026 10:30:13,2.46,2.54,2.46,0.18,2.5,0.24,No_Fault,12.918774,77.490643,99
21/01/2026 10:30:23,2.46,2.55,2.46,0.18,2.51,0.24,No_Fault,12.923395,77.490953,99
21/01/2026 10:30:33,2.46,2.54,2.46,0.17,2.53,0.24,No_Fault,12.920023,77.488221,99
21/01/2026 10:30:43,2.46,2.55,2.46,0.18,2.5,0.24,No_Fault,12.92041,77.496685,99
21/01/2026 10:30:53,2.46,2.55,2.45,0.18,2.51,0.24,No_Fault,12.922428,77.495334,99
21/01/2026 10:31:03,2.46,2.54,2.45,0.17,2.5,0.25,No_Fault,12.924906,77.493767,99
21/01/2026 10:31:14,2.46,2.53,2.45,0.43,2.48,0.25,No_Fault,12.922915,77.488986,99
21/01/2026 10:31:24,2.46,2.53,2.45,0.49,2.45,0.24,No_Fault,12.916109,77.488356,99
21/01/2026 10:31:35,2.46,2.54,2.44,0.55,2.43,0.24,No_Fault,12.918446,77.492243,99
21/01/2026 10:31:45,2.46,2.54,2.44,0.54,2.43,0.24,No_Fault,12.922877,77.493447,99
21/01/2026 10:31:55,2.46,2.54,2.44,0.54,2.43,0.24,No_Fault,12.920687,77.492942,99
21/01/2026 10:32:05,2.46,2.54,2.44,0.54,2.43,0.24,No_Fault,12.923757,77.49142,99
21/01/2026 10:32:15,2.47,2.54,2.46,0.19,1.12,0.0,No_Fault,12.916507,77.498093,99
21/01/2026 10:32:25,2.46,2.56,2.46,0.18,1.17,0.0,No_Fault,12.924712,77.496167,99
21/01/2026 10:32:38,2.46,2.56,2.46,0.18,1.26,0.0,No_Fault,12.917118,77.496999,99
21/01/2026 10:32:46,2.46,2.53,2.46,0.18,1.07,0.0,No_Fault,12.924182,77.497406,99
21/01/2026 10:32:54,2.47,2.53,2.46,0.18,1.06,0.0,No_Fault,12.920975,77.492151,99
21/01/2026 10:32:59,93.0,93.0,92.0,22.0,21.0,19.0,LLL,12.921589,77.489849,99
21/01/2026 10:33:13,2.46,2.54,2.46,0.18,1.06,0.0,No_Fault,12.922496,77.49231,99
21/01/2026 10:33:23,2.46,2.55,2.46,0.18,1.06,0.0,No_Fault,12.917542,77.492541,99
21/01/2026 10:33:33,2.46,2.53,2.46,0.19,0.99,0.0,No_Fault,12.916838,77.496436,99
21/01/2026 10:33:43,2.46,2.53,2.46,0.18,0.97,0.0,No_Fault,12.923009,77.493986,99
21/01/2026 10:33:53,2.46,2.55,2.46,0.17,1.55,0.0,No_Fault,12.92268,77.489301,99
21/01/2026 10:34:03,2.46,2.55,2.46,0.17,1.44,0.0,No_Fault,12.918302,77.491621,99
21/01/2026 10:34:13,2.46,2.57,2.46,0.18,1.61,0.0,No_Fault,12.925244,77.489068,99
21/01/2026 10:34:38,2.46,2.55,2.46,0.17,1.32,0.0,No_Fault,12.924505,77.496849,99
21/01/2026 10:35:13,2.46,2.54,2.43,0.17,1.2,0.0,No_Fault,12.923459,77.496541,99
21/01/2026 10:35:25,2.47,2.54,2.43,0.17,1.17,0.0,No_Fault,12.92201,77.494708,99
21/01/2026 10:35:35,2.46,2.54,2.43,0.17,1.16,0.0,No_Fault,12.916898,77.491202,99
21/01/2026 10:35:45,2.46,2.53,2.43,0.18,1.16,0.0,No_Fault,12.917432,77.492406,99
21/01/2026 10:35:55,2.46,2.54,2.43,0.18,1.17,0.0,No_Fault,12.919831,77.493666,99
21/01/2026 10:36:05,2.46,2.53,2.43,0.17,1.17,0.0,No_Fault,12.919064,77.495154,99
21/01/2026 10:36:15,2.46,2.54,2.43,0.17,1.17,0.0,No_Fault,12.920806,77.49593,99
21/01/2026 10:36:25,2.46,2.52,2.43,0.18,1.18,0.0,No_Fault,12.92147,77.494171,99
21/01/2026 10:36:37,2.46,2.54,2.43,0.17,1.17,0.0,No_Fault,12.918685,77.490905,99
21/01/2026 10:36:47,2.46,2.54,2.43,0.17,1.17,0.0,No_Fault,12.91806,77.49074,99
21/01/2026 10:36:57,2.46,2.54,2.43,0.17,1.17,0.0,No_Fault,12.92264,77.488988,99
21/01/2026 10:37:07,2.46,2.54,2.43,0.17,1.17,0.0,No_Fault,12.924111,77.493149,99
21/01/2026 10:37:17,2.46,2.54,2.43,0.17,1.17,0.0,No_Fault,12.919048,77.494494,99
21/01/2026 10:37:27,2.46,2.54,2.43,0.17,1.17,0.0,No_Fault,12.91658,77.491659,99
21/01/2026 10:37:37,2.45,2.58,2.48,0.54,2.2,0.0,No_Fault,12.917185,77.493677,99
21/01/2026 10:38:30,2.45,2.59,2.47,0.34,1.87,0.25,No_Fault,12.92104,77.492676,99
21/01/2026 10:38:55,2.46,2.6,2.46,0.53,1.81,0.25,No_Fault,12.916206,77.494182,99
21/01/2026 10:39:05,2.46,2.58,2.47,0.1,1.67,0.24,No_Fault,12.916841,77.491927,99
21/01/2026 10:39:15,2.46,2.63,2.46,0.42,2.11,0.25,No_Fault,12.918913,77.493386,99
21/01/2026 10:39:25,2.46,2.59,2.46,0.36,0.85,0.26,No_Fault,12.920644,77.48934,99
21/01/2026 10:39:35,2.46,2.58,2.46,0.41,0.8,0.26,No_Fault,12.917931,77.489184,99
21/01/2026 10:39:45,2.46,2.57,2.46,0.38,0.71,0.26,No_Fault,12.921801,77.494644,99
21/01/2026 10:39:55,2.46,2.57,2.46,0.38,0.71,0.26,No_Fault,12.924827,77.494579,99
21/01/2026 10:40:05,2.45,2.63,2.46,0.44,0.68,0.26,No_Fault,12.923409,77.494565,99
21/01/2026 10:40:38,2.45,2.52,2.47,0.37,0.52,0.28,No_Fault,12.923563,77.492736,99
21/01/2026 10:40:55,2.45,2.53,2.47,0.48,0.51,0.28,No_Fault,12.924464,77.49468,99
21/01/2026 10:41:09,2.45,2.54,2.47,0.0,0.25,0.27,No_Fault,12.919687,77.494771,99
21/01/2026 10:41:19,2.45,2.53,2.47,0.0,0.35,0.27,No_Fault,12.916273,77.490876,99
21/01/2026 10:41:29,2.45,2.57,2.46,0.47,0.47,0.28,No_Fault,12.919807,77.488597,99
21/01/2026 10:41:39,2.45,2.58,2.45,0.0,0.55,0.26,No_Fault,12.918282,77.497932,99
21/01/2026 10:41:49,2.45,2.58,2.45,0.0,0.5,0.26,No_Fault,12.920403,77.490537,99
21/01/2026 10:41:59,2.45,2.57,2.45,0.72,0.43,0.26,No_Fault,12.919926,77.49354,99
21/01/2026 10:42:09,2.45,2.62,2.45,0.46,0.54,0.26,No_Fault,12.923543,77.495044,99
21/01/2026 10:42:19,2.45,2.62,2.45,0.43,0.5,0.26,No_Fault,12.925035,77.493083,99
21/01/2026 10:42:29,2.45,2.63,2.45,0.44,0.48,0.26,No_Fault,12.918772,77.492645,99
21/01/2026 10:42:39,2.45,2.65,2.45,0.44,0.51,0.26,No_Fault,12.921325,77.49289,99
21/01/2026 10:42:49,2.45,2.63,2.45,0.41,0.49,0.26,No_Fault,12.916259,77.493698,99
21/01/2026 10:42:59,2.45,2.63,2.45,0.41,0.5,0.26,No_Fault,12.919893,77.490188,99
21/01/2026 10:43:13,2.45,2.63,2.45,0.39,0.46,0.27,No_Fault,12.925169,77.497176,99
21/01/2026 10:43:19,2.45,2.63,2.45,0.39,0.46,0.27,No_Fault,12.921054,77.490003,99
21/01/2026 10:43:29,2.45,2.63,2.45,0.39,0.46,0.27,No_Fault,12.920897,77.494708,99
21/01/2026 10:43:39,2.45,2.63,2.45,0.39,0.46,0.27,No_Fault,12.916039,77.494547,99
21/01/2026 10:43:49,2.45,2.63,2.45,0.39,0.46,0.27,No_Fault,12.919196,77.49087,99
21/01/2026 10:43:59,2.45,2.63,2.45,0.39,0.46,0.27,No_Fault,12.923875,77.49566,99
21/01/2026 10:44:09,2.45,2.63,2.45,0.39,0.46,0.27,No_Fault,12.924709,77.493994,99
21/01/2026 10:44:19,2.45,2.63,2.45,0.39,0.46,0.27,No_Fault,12.922788,77.497614,99
21/01/2026 10:44:29,2.45,2.63,2.45,0.39,0.46,0.27,No_Fault,12.920695,77.491571,99
21/01/2026 10:44:39,2.45,2.63,2.45,0.39,0.46,0.27,No_Fault,12.922228,77.493806,99
21/01/2026 10:44:49,2.45,2.63,2.45,0.39,0.46,0.27,No_Fault,12.922483,77.495912,99
21/01/2026 10:44:59,2.45,2.63,2.45,0.39,0.46,0.27,No_Fault,12.923496,77.496817,99
21/01/2026 10:45:09,2.45,2.63,2.45,0.39,0.46,0.27,No_Fault,12.918914,77.491365,99
21/01/2026 10:45:19,2.45,2.63,2.45,0.39,0.46,0.27,No_Fault,12.917428,77.489711,99
21/01/2026 10:45:29,2.45,2.63,2.45,0.39,0.46,0.27,No_Fault,12.924489,77.489138,99
21/01/2026 10:45:39,2.45,2.63,2.45,0.39,0.46,0.27,No_Fault,12.923617,77.492925,99
21/01/2026 10:45:49,2.45,2.63,2.45,0.39,0.46,0.27,No_Fault,12.919068,77.48982,99
21/01/2026 10:45:59,2.45,2.63,2.45,0.39,0.46,0.27,No_Fault,12.917775,77.496015,99
21/01/2026 10:46:09,2.45,2.63,2.45,0.39,0.46,0.27,No_Fault,12.917512,77.495598,99
21/01/2026 10:46:19,2.45,2.63,2.45,0.39,0.46,0.27,No_Fault,12.92482,77.489455,99
21/01/2026 10:46:29,2.45,2.63,2.45,0.39,0.46,0.27,No_Fault,12.919213,77.489315,99
21/01/2026 10:47:30,2.45,2.63,2.45,0.39,0.46,0.27,No_Fault,12.923668,77.491076,99
21/01/2026 10:48:31,2.45,2.62,2.41,0.47,0.45,0.26,No_Fault,12.923603,77.490995,99
21/01/2026 10:49:32,2.48,2.55,2.5,0.0,0.0,0.6,No_Fault,12.918571,77.488715,99
21/01/2026 10:50:33,2.46,2.6,2.48,0.09,0.19,0.41,No_Fault,12.917076,77.496045,99
21/01/2026 10:51:34,2.45,2.57,2.48,0.09,0.21,0.42,No_Fault,12.917914,77.49058,99
21/01/2026 10:52:35,2.45,2.54,2.48,0.08,0.17,0.44,No_Fault,12.916335,77.492685,99
21/01/2026 10:53:36,2.45,2.57,2.48,0.09,0.22,0.43,No_Fault,12.924572,77.495061,99
21/01/2026 10:54:37,2.46,2.55,2.51,0.1,0.24,0.72,No_Fault,12.920676,77.489437,99
21/01/2026 10:55:19,2.46,2.55,2.48,0.1,0.23,0.46,No_Fault,12.9241,77.492423,99
21/01/2026 10:55:34,2.46,2.55,2.48,0.1,0.24,0.46,No_Fault,12.924553,77.493499,99
21/01/2026 10:55:44,2.46,2.55,2.48,0.09,0.24,0.46,No_Fault,12.925314,77.497039,99
